N,PTO_medio,PEC_dias,PDER,pac_dia,der_mes,costo_ocio_mes,costo_der_mes,costo_total_mes,PTO_medio_std,PEC_dias_std,PDER_std,costo_total_mes_std
70,0.935,1.162,12.332,5.099,18.912,36258.073,484902.693,521160.766,0.363,0.104,1.811,73150.465
72,1.253,1.027,10.065,5.088,15.403,49972.893,394924.88,444897.773,0.456,0.108,1.626,61427.932
74,1.831,0.884,8.314,5.105,12.775,75054.262,327541.674,402595.936,0.672,0.114,1.605,50835.015
76,2.712,0.729,6.717,5.108,10.323,114154.043,264685.401,378839.444,0.782,0.116,1.449,48870.32
78,3.752,0.583,4.908,5.098,7.545,162069.582,193456.304,355525.886,1.072,0.12,1.501,53588.291
80,4.701,0.453,3.364,5.09,5.162,208266.479,132362.731,340629.21,1.252,0.097,1.041,42520.827
82,6.377,0.35,2.491,5.083,3.819,289579.07,97909.962,387489.032,1.359,0.087,0.956,56161.963
84,7.612,0.272,1.764,5.093,2.714,354117.685,69586.581,423704.266,1.421,0.087,0.882,51053.73
86,9.605,0.182,1.224,5.08,1.883,457449.444,48273.938,505723.382,1.651,0.068,0.73,63374.65
88,11.152,0.123,0.683,5.081,1.05,543466.224,26921.233,570387.457,1.905,0.062,0.46,83734.678
90,12.945,0.085,0.412,5.079,0.636,645225.049,16304.973,661530.023,1.793,0.048,0.362,81902.045
92,14.833,0.053,0.271,5.076,0.417,755736.331,10696.383,766432.714,1.752,0.037,0.306,84761.279
94,16.693,0.027,0.095,5.069,0.145,869009.038,3725.706,872734.744,1.696,0.022,0.148,87175.713
96,18.308,0.019,0.068,5.073,0.105,973346.568,2684.111,976030.679,1.605,0.017,0.11,84504.999
98,19.896,0.011,0.035,5.074,0.053,1079789.413,1362.086,1081151.499,1.522,0.015,0.08,82338.065
100,21.424,0.007,0.017,5.076,0.027,1186447.719,681.043,1187128.762,1.58,0.012,0.052,87281.101
